b,NovoBank,Lviv Lukasha 2,1e+09
a,Artem,Dmytriv,122333
c,1000001,03/2022,1,50000.000000,2300.000000,universal
a,Veronika,Troshina,122334
a,Ivan,Ivanov,231535
c,1000004,03/2022,1,50000.000000,500.000000,salary
b,KolibriBank,Kyiv Shevchenka 3,1e+09
a,Ivan,Ivanov,219911
c,1000002,03/2022,0,50000.000000,0.000000,salary
c,1000003,03/2022,1,50000.000000,1200.000000,universal
